{
  "x-generator": "NSwag v14.3.0.0 (NJsonSchema v11.2.0.0 (Newtonsoft.Json v13.0.0.0))",
  "openapi": "3.0.0",
  "info": {
    "title": "Server",
    "version": "v1"
  },
  "paths": {
    "/weatherforecast": {
      "get": {
        "tags": [
          "Weatherforecast"
        ],
        "operationId": "GetWeatherForecast",
        "responses": {
          "200": {
            "description": "Success",
            "content": {
              "application/json": {
                "schema": {
                  "type": "array",
                  "items": {
                    "$ref": "#/components/schemas/ServerWeatherForecast"
                  }
                }
              }
            }
          }
        }
      }
    }
  },
  "components": {
    "schemas": {
      "ServerWeatherForecast": {
        "type": "object",
        "additionalProperties": false,
        "properties": {
          "date": {
            "type": "string",
            "format": "date"
          },
          "temperatureC": {
            "type": "integer",
            "format": "int32"
          },
          "temperatureF": {
            "type": "integer",
            "format": "int32"
          },
          "summary": {
            "type": "string",
            "nullable": true
          }
        }
      }
    },
    "securitySchemes": {
      "JWTBearerAuth": {
        "type": "http",
        "description": "Enter a JWT token to authorize the requests...",
        "scheme": "Bearer",
        "bearerFormat": "JWT"
      }
    }
  }
}